-- PRAGMA foreign_keys=OFF;
BEGIN TRANSACTION;
CREATE TABLE IF NOT EXISTS "django_migrations" ("id" SERIAL PRIMARY KEY, "app" varchar(255) NOT NULL, "name" varchar(255) NOT NULL, "applied" timestamp NOT NULL);
INSERT INTO django_migrations VALUES(1,'fooddelivery','0001_initial','2023-12-26 10:16:41.030376');
INSERT INTO django_migrations VALUES(2,'contenttypes','0001_initial','2023-12-26 10:16:41.051917');
INSERT INTO django_migrations VALUES(3,'admin','0001_initial','2023-12-26 10:16:41.076243');
INSERT INTO django_migrations VALUES(4,'admin','0002_logentry_remove_auto_add','2023-12-26 10:16:41.090365');
INSERT INTO django_migrations VALUES(5,'admin','0003_logentry_add_action_flag_choices','2023-12-26 10:16:41.099193');
INSERT INTO django_migrations VALUES(6,'contenttypes','0002_remove_content_type_name','2023-12-26 10:16:41.123738');
INSERT INTO django_migrations VALUES(7,'auth','0001_initial','2023-12-26 10:16:41.147728');
INSERT INTO django_migrations VALUES(8,'auth','0002_alter_permission_name_max_length','2023-12-26 10:16:41.165683');
INSERT INTO django_migrations VALUES(9,'auth','0003_alter_user_email_max_length','2023-12-26 10:16:41.171981');
INSERT INTO django_migrations VALUES(10,'auth','0004_alter_user_username_opts','2023-12-26 10:16:41.182570');
INSERT INTO django_migrations VALUES(11,'auth','0005_alter_user_last_login_null','2023-12-26 10:16:41.192256');
INSERT INTO django_migrations VALUES(12,'auth','0006_require_contenttypes_0002','2023-12-26 10:16:41.198689');
INSERT INTO django_migrations VALUES(13,'auth','0007_alter_validators_add_error_messages','2023-12-26 10:16:41.211745');
INSERT INTO django_migrations VALUES(14,'auth','0008_alter_user_username_max_length','2023-12-26 10:16:41.220235');
INSERT INTO django_migrations VALUES(15,'auth','0009_alter_user_last_name_max_length','2023-12-26 10:16:41.231449');
INSERT INTO django_migrations VALUES(16,'auth','0010_alter_group_name_max_length','2023-12-26 10:16:41.246121');
INSERT INTO django_migrations VALUES(17,'auth','0011_update_proxy_permissions','2023-12-26 10:16:41.253158');
INSERT INTO django_migrations VALUES(18,'auth','0012_alter_user_first_name_max_length','2023-12-26 10:16:41.269169');
INSERT INTO django_migrations VALUES(19,'restaurants','0001_initial','2023-12-26 10:16:41.293341');
INSERT INTO django_migrations VALUES(20,'fooddelivery','0002_initial','2023-12-26 10:16:41.557285');
INSERT INTO django_migrations VALUES(21,'sessions','0001_initial','2023-12-26 10:16:41.562630');
INSERT INTO django_migrations VALUES(22,'fooddelivery','0003_extras_menu_portion_menu','2023-12-27 19:00:30.736401');
INSERT INTO django_migrations VALUES(23,'fooddelivery','0004_remove_extras_menu_remove_portion_menu_extras_menu_and_more','2023-12-27 19:20:05.218593');
INSERT INTO django_migrations VALUES(24,'fooddelivery','0005_remove_extras_menu_remove_portion_menu','2023-12-27 19:40:01.664805');
INSERT INTO django_migrations VALUES(25,'fooddelivery','0006_alter_extras_name_alter_portion_name','2023-12-27 20:58:28.374549');
INSERT INTO django_migrations VALUES(26,'fooddelivery','0007_alter_portion_name','2023-12-27 21:11:34.375070');
INSERT INTO django_migrations VALUES(27,'fooddelivery','0008_alter_menu_portions','2023-12-27 21:12:00.472958');
CREATE TABLE IF NOT EXISTS "customer" ("id" SERIAL PRIMARY KEY, "password" varchar(128) NOT NULL, "last_login" timestamp NULL, "is_superuser" bool NOT NULL, "name" varchar(100) NOT NULL, "email" varchar(254) NOT NULL UNIQUE, "phone" varchar(10) NULL, "date_joined" timestamp NOT NULL, "is_staff" bool NOT NULL, "is_active" bool NOT NULL);
INSERT INTO customer VALUES(1,'pbkdf2_sha256$600000$W0lyi7FCUhCtAxifttj9Lh$PaeLcGkCWJvlCsjen4rE1i/2KoiveyCB2gvuubsmhlI=','2023-12-27 21:32:54.942338',0,'Gizem Yılmaz','gizem_fbl@windowslive.com','5555555555','2023-12-26 10:19:22.949666',0,1);
INSERT INTO customer VALUES(2,'pbkdf2_sha256$600000$zXqjNoJ12RUGc9fow0pvb0$J3QSCEhgi/2vPnqtFtdnFZ6Ip0q250Lf17koTwOksdo=','2023-12-27 19:01:10.003040',1,'Gizem','shiyu00@hotmail.com',NULL,'2023-12-26 10:31:43.479878',1,1);
INSERT INTO customer VALUES(3,'pbkdf2_sha256$600000$HRc3a0ad3fNZjvULes2JqU$KLSv2qNZNZny+wLEWiVvfTDtRTtS2K1/TZA5xcLDne4=','2023-12-28 09:49:42.519203',0,'gizem','g@ggmz.com','1111111111','2023-12-26 10:33:56',1,1);
CREATE TABLE IF NOT EXISTS "extra_category" ("id" SERIAL PRIMARY KEY, "name" varchar(30) NOT NULL);
INSERT INTO extra_category VALUES(1,'Baharatlar');
INSERT INTO extra_category VALUES(2,'Soslar');
CREATE TABLE IF NOT EXISTS "menu_category" ("id" SERIAL PRIMARY KEY, "name" varchar(150) NOT NULL UNIQUE, "menu_slug" varchar(50) NOT NULL UNIQUE);
INSERT INTO menu_category VALUES(1,'Başlangıç','baslangc');
INSERT INTO menu_category VALUES(2,'Ana Yemekler','ana-yemekler');
INSERT INTO menu_category VALUES(3,'Tatlılar','tatllar');
INSERT INTO menu_category VALUES(4,'Atıştırmalıklar','atstrmalklar');
CREATE TABLE IF NOT EXISTS "django_admin_log" ("id" SERIAL PRIMARY KEY, "object_id" text NULL, "object_repr" varchar(200) NOT NULL, "action_flag" smallint unsigned NOT NULL CHECK ("action_flag" >= 0), "change_message" text NOT NULL, "content_type_id" integer NULL REFERENCES "django_content_type" ("id") DEFERRABLE INITIALLY DEFERRED, "user_id" bigint NOT NULL REFERENCES "customer" ("id") DEFERRABLE INITIALLY DEFERRED, "action_time" timestamp NOT NULL);
INSERT INTO django_admin_log VALUES(1,'3','g@ggmz.com',1,'[{"added": {}}]',6,2,'2023-12-26 10:33:57.553683');
INSERT INTO django_admin_log VALUES(2,'3','g@ggmz.com',2,'[{"changed": {"fields": ["Phone", "Name", "Is staff"]}}]',6,2,'2023-12-26 10:34:41.419377');
INSERT INTO django_admin_log VALUES(3,'1','Nane',1,'[{"added": {}}]',10,2,'2023-12-26 10:41:24.677551');
INSERT INTO django_admin_log VALUES(4,'2','Pul Biber',1,'[{"added": {}}]',10,2,'2023-12-26 10:41:34.139638');
INSERT INTO django_admin_log VALUES(5,'1','Baharatlar',1,'[{"added": {}}]',9,2,'2023-12-26 10:41:39.148309');
INSERT INTO django_admin_log VALUES(6,'3','Ketçap',1,'[{"added": {}}]',10,2,'2023-12-26 10:50:41.793946');
INSERT INTO django_admin_log VALUES(7,'4','Mayonez',1,'[{"added": {}}]',10,2,'2023-12-26 10:50:48.194307');
INSERT INTO django_admin_log VALUES(8,'2','Soslar',1,'[{"added": {}}]',9,2,'2023-12-26 10:50:50.568311');
INSERT INTO django_admin_log VALUES(9,'3','Küçük',1,'[{"added": {}}]',15,2,'2023-12-26 10:57:06.672832');
INSERT INTO django_admin_log VALUES(10,'4','Orta',1,'[{"added": {}}]',15,2,'2023-12-26 10:57:15.959225');
INSERT INTO django_admin_log VALUES(11,'5','Büyük',1,'[{"added": {}}]',15,2,'2023-12-26 10:57:25.423859');
INSERT INTO django_admin_log VALUES(12,'1','Pepperoni Pizza',1,'[{"added": {}}]',11,2,'2023-12-26 10:58:25.336394');
INSERT INTO django_admin_log VALUES(13,'2','Margarita Pizza',2,'[{"changed": {"fields": ["Extras", "Portions"]}}]',11,2,'2023-12-26 11:04:15.432755');
INSERT INTO django_admin_log VALUES(14,'3','Sucuklu Pizza',2,'[{"changed": {"fields": ["Extras", "Portions"]}}]',11,2,'2023-12-26 11:04:46.005189');
INSERT INTO django_admin_log VALUES(15,'4','Günün Çorbası',1,'[{"added": {}}]',11,2,'2023-12-26 14:06:12.634889');
INSERT INTO django_admin_log VALUES(16,'4','Günün Çorbası',2,'[{"changed": {"fields": ["Product image"]}}]',11,2,'2023-12-26 14:08:02.373338');
INSERT INTO django_admin_log VALUES(17,'5','Büyük',2,'[{"changed": {"fields": ["Menu"]}}]',15,2,'2023-12-27 19:01:39.101373');
INSERT INTO django_admin_log VALUES(18,'4','Orta',2,'[{"changed": {"fields": ["Menu"]}}]',15,2,'2023-12-27 19:01:43.915576');
INSERT INTO django_admin_log VALUES(19,'3','Küçük',2,'[{"changed": {"fields": ["Menu"]}}]',15,2,'2023-12-27 19:01:48.489235');
INSERT INTO django_admin_log VALUES(20,'4','Mayonez',2,'[{"changed": {"fields": ["Menu"]}}]',10,2,'2023-12-27 19:01:55.960992');
INSERT INTO django_admin_log VALUES(21,'3','Ketçap',2,'[{"changed": {"fields": ["Menu"]}}]',10,2,'2023-12-27 19:01:59.246830');
INSERT INTO django_admin_log VALUES(22,'2','Pul Biber',2,'[{"changed": {"fields": ["Menu"]}}]',10,2,'2023-12-27 19:02:03.501934');
INSERT INTO django_admin_log VALUES(23,'1','Nane',2,'[{"changed": {"fields": ["Menu"]}}]',10,2,'2023-12-27 19:02:08.463666');
CREATE TABLE IF NOT EXISTS "django_content_type" ("id" SERIAL PRIMARY KEY, "app_label" varchar(100) NOT NULL, "model" varchar(100) NOT NULL);
INSERT INTO django_content_type VALUES(1,'admin','logentry');
INSERT INTO django_content_type VALUES(2,'auth','permission');
INSERT INTO django_content_type VALUES(3,'auth','group');
INSERT INTO django_content_type VALUES(4,'contenttypes','contenttype');
INSERT INTO django_content_type VALUES(5,'sessions','session');
INSERT INTO django_content_type VALUES(6,'fooddelivery','customer');
INSERT INTO django_content_type VALUES(7,'fooddelivery','adress');
INSERT INTO django_content_type VALUES(8,'fooddelivery','cart');
INSERT INTO django_content_type VALUES(9,'fooddelivery','extracategory');
INSERT INTO django_content_type VALUES(10,'fooddelivery','extras');
INSERT INTO django_content_type VALUES(11,'fooddelivery','menu');
INSERT INTO django_content_type VALUES(12,'fooddelivery','menu_category');
INSERT INTO django_content_type VALUES(13,'fooddelivery','order');
INSERT INTO django_content_type VALUES(14,'fooddelivery','orderitem');
INSERT INTO django_content_type VALUES(15,'fooddelivery','portion');
INSERT INTO django_content_type VALUES(16,'fooddelivery','review');
INSERT INTO django_content_type VALUES(17,'restaurants','province');
INSERT INTO django_content_type VALUES(18,'restaurants','restaurant_category');
INSERT INTO django_content_type VALUES(19,'restaurants','restaurantregistration');
INSERT INTO django_content_type VALUES(20,'restaurants','restaurant');
CREATE TABLE IF NOT EXISTS "auth_group_permissions" ("id" SERIAL PRIMARY KEY, "group_id" integer NOT NULL REFERENCES "auth_group" ("id") DEFERRABLE INITIALLY DEFERRED, "permission_id" integer NOT NULL REFERENCES "auth_permission" ("id") DEFERRABLE INITIALLY DEFERRED);
CREATE TABLE IF NOT EXISTS "auth_permission" ("id" SERIAL PRIMARY KEY, "content_type_id" integer NOT NULL REFERENCES "django_content_type" ("id") DEFERRABLE INITIALLY DEFERRED, "codename" varchar(100) NOT NULL, "name" varchar(255) NOT NULL);
INSERT INTO auth_permission VALUES(1,1,'add_logentry','Can add log entry');
INSERT INTO auth_permission VALUES(2,1,'change_logentry','Can change log entry');
INSERT INTO auth_permission VALUES(3,1,'delete_logentry','Can delete log entry');
INSERT INTO auth_permission VALUES(4,1,'view_logentry','Can view log entry');
INSERT INTO auth_permission VALUES(5,2,'add_permission','Can add permission');
INSERT INTO auth_permission VALUES(6,2,'change_permission','Can change permission');
INSERT INTO auth_permission VALUES(7,2,'delete_permission','Can delete permission');
INSERT INTO auth_permission VALUES(8,2,'view_permission','Can view permission');
INSERT INTO auth_permission VALUES(9,3,'add_group','Can add group');
INSERT INTO auth_permission VALUES(10,3,'change_group','Can change group');
INSERT INTO auth_permission VALUES(11,3,'delete_group','Can delete group');
INSERT INTO auth_permission VALUES(12,3,'view_group','Can view group');
INSERT INTO auth_permission VALUES(13,4,'add_contenttype','Can add content type');
INSERT INTO auth_permission VALUES(14,4,'change_contenttype','Can change content type');
INSERT INTO auth_permission VALUES(15,4,'delete_contenttype','Can delete content type');
INSERT INTO auth_permission VALUES(16,4,'view_contenttype','Can view content type');
INSERT INTO auth_permission VALUES(17,5,'add_session','Can add session');
INSERT INTO auth_permission VALUES(18,5,'change_session','Can change session');
INSERT INTO auth_permission VALUES(19,5,'delete_session','Can delete session');
INSERT INTO auth_permission VALUES(20,5,'view_session','Can view session');
INSERT INTO auth_permission VALUES(21,6,'add_customer','Can add Customer');
INSERT INTO auth_permission VALUES(22,6,'change_customer','Can change Customer');
INSERT INTO auth_permission VALUES(23,6,'delete_customer','Can delete Customer');
INSERT INTO auth_permission VALUES(24,6,'view_customer','Can view Customer');
INSERT INTO auth_permission VALUES(25,7,'add_adress','Can add Adress');
INSERT INTO auth_permission VALUES(26,7,'change_adress','Can change Adress');
INSERT INTO auth_permission VALUES(27,7,'delete_adress','Can delete Adress');
INSERT INTO auth_permission VALUES(28,7,'view_adress','Can view Adress');
INSERT INTO auth_permission VALUES(29,8,'add_cart','Can add Cart');
INSERT INTO auth_permission VALUES(30,8,'change_cart','Can change Cart');
INSERT INTO auth_permission VALUES(31,8,'delete_cart','Can delete Cart');
INSERT INTO auth_permission VALUES(32,8,'view_cart','Can view Cart');
INSERT INTO auth_permission VALUES(33,9,'add_extracategory','Can add Extra Category');
INSERT INTO auth_permission VALUES(34,9,'change_extracategory','Can change Extra Category');
INSERT INTO auth_permission VALUES(35,9,'delete_extracategory','Can delete Extra Category');
INSERT INTO auth_permission VALUES(36,9,'view_extracategory','Can view Extra Category');
INSERT INTO auth_permission VALUES(37,10,'add_extras','Can add Extra');
INSERT INTO auth_permission VALUES(38,10,'change_extras','Can change Extra');
INSERT INTO auth_permission VALUES(39,10,'delete_extras','Can delete Extra');
INSERT INTO auth_permission VALUES(40,10,'view_extras','Can view Extra');
INSERT INTO auth_permission VALUES(41,11,'add_menu','Can add Menu');
INSERT INTO auth_permission VALUES(42,11,'change_menu','Can change Menu');
INSERT INTO auth_permission VALUES(43,11,'delete_menu','Can delete Menu');
INSERT INTO auth_permission VALUES(44,11,'view_menu','Can view Menu');
INSERT INTO auth_permission VALUES(45,12,'add_menu_category','Can add Menu Category');
INSERT INTO auth_permission VALUES(46,12,'change_menu_category','Can change Menu Category');
INSERT INTO auth_permission VALUES(47,12,'delete_menu_category','Can delete Menu Category');
INSERT INTO auth_permission VALUES(48,12,'view_menu_category','Can view Menu Category');
INSERT INTO auth_permission VALUES(49,13,'add_order','Can add Order');
INSERT INTO auth_permission VALUES(50,13,'change_order','Can change Order');
INSERT INTO auth_permission VALUES(51,13,'delete_order','Can delete Order');
INSERT INTO auth_permission VALUES(52,13,'view_order','Can view Order');
INSERT INTO auth_permission VALUES(53,14,'add_orderitem','Can add Order Item');
INSERT INTO auth_permission VALUES(54,14,'change_orderitem','Can change Order Item');
INSERT INTO auth_permission VALUES(55,14,'delete_orderitem','Can delete Order Item');
INSERT INTO auth_permission VALUES(56,14,'view_orderitem','Can view Order Item');
INSERT INTO auth_permission VALUES(57,15,'add_portion','Can add Portion');
INSERT INTO auth_permission VALUES(58,15,'change_portion','Can change Portion');
INSERT INTO auth_permission VALUES(59,15,'delete_portion','Can delete Portion');
INSERT INTO auth_permission VALUES(60,15,'view_portion','Can view Portion');
INSERT INTO auth_permission VALUES(61,16,'add_review','Can add Review');
INSERT INTO auth_permission VALUES(62,16,'change_review','Can change Review');
INSERT INTO auth_permission VALUES(63,16,'delete_review','Can delete Review');
INSERT INTO auth_permission VALUES(64,16,'view_review','Can view Review');
INSERT INTO auth_permission VALUES(65,17,'add_province','Can add Province');
INSERT INTO auth_permission VALUES(66,17,'change_province','Can change Province');
INSERT INTO auth_permission VALUES(67,17,'delete_province','Can delete Province');
INSERT INTO auth_permission VALUES(68,17,'view_province','Can view Province');
INSERT INTO auth_permission VALUES(69,18,'add_restaurant_category','Can add Restaurant Category');
INSERT INTO auth_permission VALUES(70,18,'change_restaurant_category','Can change Restaurant Category');
INSERT INTO auth_permission VALUES(71,18,'delete_restaurant_category','Can delete Restaurant Category');
INSERT INTO auth_permission VALUES(72,18,'view_restaurant_category','Can view Restaurant Category');
INSERT INTO auth_permission VALUES(73,19,'add_restaurantregistration','Can add RestaurantRegistration');
INSERT INTO auth_permission VALUES(74,19,'change_restaurantregistration','Can change RestaurantRegistration');
INSERT INTO auth_permission VALUES(75,19,'delete_restaurantregistration','Can delete RestaurantRegistration');
INSERT INTO auth_permission VALUES(76,19,'view_restaurantregistration','Can view RestaurantRegistration');
INSERT INTO auth_permission VALUES(77,20,'add_restaurant','Can add Restaurant');
INSERT INTO auth_permission VALUES(78,20,'change_restaurant','Can change Restaurant');
INSERT INTO auth_permission VALUES(79,20,'delete_restaurant','Can delete Restaurant');
INSERT INTO auth_permission VALUES(80,20,'view_restaurant','Can view Restaurant');
CREATE TABLE IF NOT EXISTS "auth_group" ("id" SERIAL PRIMARY KEY, "name" varchar(150) NOT NULL UNIQUE);
CREATE TABLE IF NOT EXISTS "province" ("id" SERIAL PRIMARY KEY, "province" varchar(100) NOT NULL, "province_slug" varchar(50) NOT NULL UNIQUE);
INSERT INTO province VALUES(3,'Ataşehir','atasehir');
INSERT INTO province VALUES(23,'Kadıköy','kadikoy');
INSERT INTO province VALUES(27,'Maltepe','maltepe');
CREATE TABLE IF NOT EXISTS "restaurant_category" ("id" SERIAL PRIMARY KEY, "name" varchar(150) NOT NULL UNIQUE);
INSERT INTO restaurant_category VALUES(1,'İtalyan');
INSERT INTO restaurant_category VALUES(2,'İspanyol');
CREATE TABLE IF NOT EXISTS "restaurant_registration" ("id" SERIAL PRIMARY KEY, "email" varchar(254) NOT NULL UNIQUE, "name" varchar(150) NOT NULL, "phone" varchar(10) NOT NULL, "restaurant_name" varchar(150) NOT NULL UNIQUE, "address" varchar(255) NOT NULL, "postal_code" varchar(5) NOT NULL, "province_id" bigint NOT NULL REFERENCES "province" ("id") DEFERRABLE INITIALLY DEFERRED);
CREATE TABLE IF NOT EXISTS "restaurant" ("id" SERIAL PRIMARY KEY, "name" varchar(150) NOT NULL, "name_slug" varchar(50) NOT NULL UNIQUE, "restaurant_image" varchar(100) NOT NULL, "address" varchar(255) NOT NULL, "phone_number" varchar(10) NOT NULL, "delivery_fee" decimal NOT NULL, "payment_methods" varchar(255) NOT NULL, "opening_hour" time NOT NULL, "closing_hour" time NOT NULL, "minimum_order_amount" decimal NOT NULL, "is_open" bool NOT NULL, "created_at" timestamp NOT NULL, "updated_at" timestamp NOT NULL, "category_id" bigint NOT NULL REFERENCES "restaurant_category" ("id") DEFERRABLE INITIALLY DEFERRED, "manager_id" bigint NULL REFERENCES "customer" ("id") DEFERRABLE INITIALLY DEFERRED, "province_id" bigint NOT NULL REFERENCES "province" ("id") DEFERRABLE INITIALLY DEFERRED);
INSERT INTO restaurant VALUES(1,'Gizem''in Pizzacısı','gizemin-pizzacs','restaurant/img/2535345.jpg','Portobello sokak no.60','2222222222',10,'Nakit','06:00:00','18:00:00',1,1,'2023-12-06 16:29:53.658689','2023-12-07 17:53:35.243575',1,3,27);
INSERT INTO restaurant VALUES(2,'Berker''in Yeri','berkerin-yeri','restaurant/img/patrick-tomasso-GXXYkSwndP4-unsplash_DhF7c08.jpg','Kadıköy sokak no.85','6666666666',10,'Nakit','06:00:00','18:00:00',1,1,'2023-12-06 16:31:03.535326','2023-12-07 17:54:10.203500',2,3,23);
INSERT INTO restaurant VALUES(3,'Şakşukacı Farah Abla''nın Yeri','saksukac-farah-ablann-yeri','restaurant/img/gozlemeci_teyzeler_yazin_da_islerinin_basinda_h45256_91788_pdx8Hf5.webp','Ataşehir caddesi no. 116','1111111111',100,'Nakit','12:00:00','18:00:00',50,1,'2023-12-07 21:08:59.905616','2023-12-07 21:08:59.905616',2,3,3);
CREATE TABLE IF NOT EXISTS "review" ("id" SERIAL PRIMARY KEY, "title" varchar(255) NULL, "content" text NOT NULL, "score" decimal NOT NULL, "created_at" timestamp NOT NULL, "updated_at" timestamp NOT NULL, "customer_id" bigint NOT NULL REFERENCES "customer" ("id") DEFERRABLE INITIALLY DEFERRED, "order_id" bigint NULL REFERENCES "order" ("id") DEFERRABLE INITIALLY DEFERRED, "restaurant_id" bigint NOT NULL REFERENCES "restaurant" ("id") DEFERRABLE INITIALLY DEFERRED);
CREATE TABLE IF NOT EXISTS "order_item_extras" ("id" SERIAL PRIMARY KEY, "orderitem_id" bigint NOT NULL REFERENCES "order_item" ("id") DEFERRABLE INITIALLY DEFERRED, "extras_id" bigint NOT NULL REFERENCES "extras" ("id") DEFERRABLE INITIALLY DEFERRED);
INSERT INTO order_item_extras VALUES(1,1,2);
INSERT INTO order_item_extras VALUES(2,1,3);
INSERT INTO order_item_extras VALUES(3,2,1);
INSERT INTO order_item_extras VALUES(4,2,2);
INSERT INTO order_item_extras VALUES(5,3,2);
CREATE TABLE IF NOT EXISTS "order_item" ("id" SERIAL PRIMARY KEY, "quantity" integer unsigned NOT NULL CHECK ("quantity" >= 0), "menu_id" bigint NOT NULL REFERENCES "menu" ("id") DEFERRABLE INITIALLY DEFERRED, "order_id" bigint NOT NULL REFERENCES "order" ("id") DEFERRABLE INITIALLY DEFERRED, "portion_id" bigint NULL REFERENCES "portions" ("id") DEFERRABLE INITIALLY DEFERRED, "shipping_id" bigint NOT NULL REFERENCES "adress" ("id") DEFERRABLE INITIALLY DEFERRED);
INSERT INTO order_item VALUES(1,1,1,1,5,1);
INSERT INTO order_item VALUES(2,1,2,1,3,1);
INSERT INTO order_item VALUES(3,1,4,2,1,1);
CREATE TABLE IF NOT EXISTS "order" ("id" SERIAL PRIMARY KEY, "total_price" decimal NOT NULL, "status" varchar(10) NOT NULL, "payment_method" varchar(100) NOT NULL, "reviewed" bool NOT NULL, "created_at" timestamp NOT NULL, "updated_at" timestamp NOT NULL, "customer_id" bigint NOT NULL REFERENCES "customer" ("id") DEFERRABLE INITIALLY DEFERRED, "shipping_address_id" bigint NOT NULL REFERENCES "adress" ("id") DEFERRABLE INITIALLY DEFERRED);
INSERT INTO "order" VALUES(1,500,'pending','nakit',0,'2023-12-27 20:45:01.188080','2023-12-27 20:45:01.188080',1,1);
INSERT INTO "order" VALUES(2,55,'pending','nakit',0,'2023-12-27 20:48:05.421358','2023-12-27 20:48:05.421358',1,1);
CREATE TABLE IF NOT EXISTS "menu_extras" ("id" SERIAL PRIMARY KEY, "menu_id" bigint NOT NULL REFERENCES "menu" ("id") DEFERRABLE INITIALLY DEFERRED, "extras_id" bigint NOT NULL REFERENCES "extras" ("id") DEFERRABLE INITIALLY DEFERRED);
INSERT INTO menu_extras VALUES(1,1,1);
INSERT INTO menu_extras VALUES(2,1,2);
INSERT INTO menu_extras VALUES(4,1,4);
INSERT INTO menu_extras VALUES(5,2,1);
INSERT INTO menu_extras VALUES(9,3,1);
INSERT INTO menu_extras VALUES(10,3,2);
INSERT INTO menu_extras VALUES(11,3,3);
INSERT INTO menu_extras VALUES(12,3,4);
INSERT INTO menu_extras VALUES(13,2,4);
INSERT INTO menu_extras VALUES(14,1,3);
INSERT INTO menu_extras VALUES(15,2,2);
INSERT INTO menu_extras VALUES(16,2,3);
INSERT INTO menu_extras VALUES(17,4,1);
INSERT INTO menu_extras VALUES(18,4,2);
CREATE TABLE IF NOT EXISTS "menu_portions" ("id" SERIAL PRIMARY KEY, "menu_id" bigint NOT NULL REFERENCES "menu" ("id") DEFERRABLE INITIALLY DEFERRED, "portion_id" bigint NOT NULL REFERENCES "portions" ("id") DEFERRABLE INITIALLY DEFERRED);
INSERT INTO menu_portions VALUES(4,2,3);
INSERT INTO menu_portions VALUES(7,3,3);
INSERT INTO menu_portions VALUES(8,3,4);
INSERT INTO menu_portions VALUES(9,3,5);
INSERT INTO menu_portions VALUES(10,1,3);
INSERT INTO menu_portions VALUES(11,1,4);
INSERT INTO menu_portions VALUES(12,1,5);
INSERT INTO menu_portions VALUES(13,2,4);
INSERT INTO menu_portions VALUES(14,2,5);
INSERT INTO menu_portions VALUES(15,4,1);
INSERT INTO menu_portions VALUES(17,7,1);
CREATE TABLE IF NOT EXISTS "menu" ("id" SERIAL PRIMARY KEY, "name" varchar(150) NOT NULL, "price" decimal NOT NULL, "description" text NOT NULL, "quantity" integer unsigned NOT NULL CHECK ("quantity" >= 0), "product_image" varchar(100) NOT NULL, "is_active" bool NOT NULL, "created_at" timestamp NOT NULL, "updated_at" timestamp NOT NULL, "category_id" bigint NOT NULL REFERENCES "menu_category" ("id") DEFERRABLE INITIALLY DEFERRED, "restaurant_id" bigint NOT NULL REFERENCES "restaurant" ("id") DEFERRABLE INITIALLY DEFERRED);
INSERT INTO menu VALUES(1,'Pepperoni Pizza',200,'pepperoni, pepperoni sos, mozerella peyniri, mısır, yeşil zeytin ve siyah zeytin',99,'products/img/pizza.jpg',1,'2023-12-26 10:58:25.333513','2023-12-27 20:45:01.199249',2,1);
INSERT INTO menu VALUES(2,'Margarita Pizza',180,'margarita sos, mozeralla peyniri',99,'products/img/pizza.jpg',1,'2023-12-26 10:58:25.333513','2023-12-27 20:45:01.202254',2,1);
INSERT INTO menu VALUES(3,'Sucuklu Pizza',200,'Sucuk, cheddar peyniri, mısır',100,'products/img/pizza.jpg',1,'2023-12-26 10:58:25.333513','2023-12-26 11:04:45.997884',2,1);
INSERT INTO menu VALUES(4,'Günün Çorbası',50,'Günlük sıcacık çıkan çorbamız',99,'products/img/çorba.jpg',1,'2023-12-26 14:06:12.624801','2023-12-27 20:48:05.427814',1,1);
INSERT INTO menu VALUES(7,'Cupcake',100,'Çikolata',111,'products/img/cupcake.jpg',1,'2023-12-27 21:21:18.328280','2023-12-27 21:22:37.065755',3,1);
CREATE TABLE IF NOT EXISTS "extra_category_extras" ("id" SERIAL PRIMARY KEY, "extracategory_id" bigint NOT NULL REFERENCES "extra_category" ("id") DEFERRABLE INITIALLY DEFERRED, "extras_id" bigint NOT NULL REFERENCES "extras" ("id") DEFERRABLE INITIALLY DEFERRED);
INSERT INTO extra_category_extras VALUES(1,1,1);
INSERT INTO extra_category_extras VALUES(2,1,2);
INSERT INTO extra_category_extras VALUES(3,2,3);
INSERT INTO extra_category_extras VALUES(4,2,4);
CREATE TABLE IF NOT EXISTS "cart_extras" ("id" SERIAL PRIMARY KEY, "cart_id" bigint NOT NULL REFERENCES "cart" ("id") DEFERRABLE INITIALLY DEFERRED, "extras_id" bigint NOT NULL REFERENCES "extras" ("id") DEFERRABLE INITIALLY DEFERRED);
CREATE TABLE IF NOT EXISTS "cart" ("id" SERIAL PRIMARY KEY, "quantity" integer unsigned NOT NULL CHECK ("quantity" >= 0), "created_at" timestamp NOT NULL, "updated_at" timestamp NOT NULL, "customer_id" bigint NOT NULL REFERENCES "customer" ("id") DEFERRABLE INITIALLY DEFERRED, "menu_id" bigint NOT NULL REFERENCES "menu" ("id") DEFERRABLE INITIALLY DEFERRED, "portion_id" bigint NULL REFERENCES "portions" ("id") DEFERRABLE INITIALLY DEFERRED);
CREATE TABLE IF NOT EXISTS "adress" ("id" SERIAL PRIMARY KEY, "name" varchar(100) NOT NULL, "phone" varchar(10) NULL, "street" text NOT NULL, "apartment" text NOT NULL, "door_number" text NOT NULL, "city" varchar(100) NOT NULL, "postal_code" varchar(10) NOT NULL, "created_at" timestamp NOT NULL, "updated_at" timestamp NOT NULL, "customer_id" bigint NOT NULL REFERENCES "customer" ("id") DEFERRABLE INITIALLY DEFERRED, "province_id" bigint NOT NULL REFERENCES "province" ("id") DEFERRABLE INITIALLY DEFERRED);
INSERT INTO adress VALUES(1,'Maltepe','5555555555','Maltepe Sok.','Maltepe Apt.','1','İstanbul','34888','2023-12-27 20:44:52.230379','2023-12-27 20:44:52.230379',1,27);
CREATE TABLE IF NOT EXISTS "customer_address" ("id" SERIAL PRIMARY KEY, "customer_id" bigint NOT NULL REFERENCES "customer" ("id") DEFERRABLE INITIALLY DEFERRED, "adress_id" bigint NOT NULL REFERENCES "adress" ("id") DEFERRABLE INITIALLY DEFERRED);
CREATE TABLE IF NOT EXISTS "customer_groups" ("id" SERIAL PRIMARY KEY, "customer_id" bigint NOT NULL REFERENCES "customer" ("id") DEFERRABLE INITIALLY DEFERRED, "group_id" integer NOT NULL REFERENCES "auth_group" ("id") DEFERRABLE INITIALLY DEFERRED);
CREATE TABLE IF NOT EXISTS "customer_user_permissions" ("id" SERIAL PRIMARY KEY, "customer_id" bigint NOT NULL REFERENCES "customer" ("id") DEFERRABLE INITIALLY DEFERRED, "permission_id" integer NOT NULL REFERENCES "auth_permission" ("id") DEFERRABLE INITIALLY DEFERRED);
CREATE TABLE IF NOT EXISTS "django_session" ("session_key" varchar(40) NOT NULL PRIMARY KEY, "session_data" text NOT NULL, "expire_date" timestamp NOT NULL);
INSERT INTO django_session VALUES('ojtri6lnfu4peto2pucx1ruvvsmi947y','.eJxVjDsOwjAQBe_iGln-Zr2U9DmDtV7HOIASKU4qxN1JpBTQzsx7bxFpW2vc2rDEMYursOLyyxLxc5gOkR803WfJ87QuY5JHIk_bZD_n4XU727-DSq3ua8PErKzuOlDWIDIgJs1KFQQPQSXy6HeYjEUHLtgATu-mFNSUvRafL7cJNnA:1rIapu:Oq_-koW3GMsKYrzll4S6o9goyQLkAoWWzW8uDfz3D_M','2024-01-10 20:49:06.230804');
CREATE TABLE IF NOT EXISTS "extras" ("id" SERIAL PRIMARY KEY, "name" varchar(30) NOT NULL, "price" decimal NOT NULL);
INSERT INTO extras VALUES(1,'Nane',5);
INSERT INTO extras VALUES(2,'Pul Biber',5);
INSERT INTO extras VALUES(3,'Ketçap',5);
INSERT INTO extras VALUES(4,'Mayonez',5);
CREATE TABLE IF NOT EXISTS "portions" ("id" SERIAL PRIMARY KEY, "name" varchar(30) NOT NULL, "price" decimal NOT NULL);
INSERT INTO portions VALUES(1,'1',0);
INSERT INTO portions VALUES(2,'1.5',50);
INSERT INTO portions VALUES(3,'Küçük',0);
INSERT INTO portions VALUES(4,'Orta',50);
INSERT INTO portions VALUES(5,'Büyük',100);
DELETE FROM sqlite_sequence;
INSERT INTO sqlite_sequence VALUES('django_migrations',27);
INSERT INTO sqlite_sequence VALUES('django_admin_log',23);
INSERT INTO sqlite_sequence VALUES('django_content_type',20);
INSERT INTO sqlite_sequence VALUES('auth_permission',80);
INSERT INTO sqlite_sequence VALUES('auth_group',0);
INSERT INTO sqlite_sequence VALUES('review',0);
INSERT INTO sqlite_sequence VALUES('order_item',3);
INSERT INTO sqlite_sequence VALUES('order',2);
INSERT INTO sqlite_sequence VALUES('menu',7);
INSERT INTO sqlite_sequence VALUES('cart',7);
INSERT INTO sqlite_sequence VALUES('adress',1);
INSERT INTO sqlite_sequence VALUES('customer',3);
INSERT INTO sqlite_sequence VALUES('province',39);
INSERT INTO sqlite_sequence VALUES('restaurant_category',2);
INSERT INTO sqlite_sequence VALUES('restaurant',3);
INSERT INTO sqlite_sequence VALUES('menu_category',4);
INSERT INTO sqlite_sequence VALUES('extra_category',2);
INSERT INTO sqlite_sequence VALUES('extra_category_extras',4);
INSERT INTO sqlite_sequence VALUES('menu_extras',18);
INSERT INTO sqlite_sequence VALUES('menu_portions',17);
INSERT INTO sqlite_sequence VALUES('extras',4);
INSERT INTO sqlite_sequence VALUES('portions',5);
INSERT INTO sqlite_sequence VALUES('cart_extras',11);
INSERT INTO sqlite_sequence VALUES('order_item_extras',5);
CREATE INDEX "django_admin_log_content_type_id_c4bce8eb" ON "django_admin_log" ("content_type_id");
CREATE INDEX "django_admin_log_user_id_c564eba6" ON "django_admin_log" ("user_id");
CREATE UNIQUE INDEX "django_content_type_app_label_model_76bd3d3b_uniq" ON "django_content_type" ("app_label", "model");
CREATE UNIQUE INDEX "auth_group_permissions_group_id_permission_id_0cd325b0_uniq" ON "auth_group_permissions" ("group_id", "permission_id");
CREATE INDEX "auth_group_permissions_group_id_b120cbf9" ON "auth_group_permissions" ("group_id");
CREATE INDEX "auth_group_permissions_permission_id_84c5c92e" ON "auth_group_permissions" ("permission_id");
CREATE UNIQUE INDEX "auth_permission_content_type_id_codename_01ab375a_uniq" ON "auth_permission" ("content_type_id", "codename");
CREATE INDEX "auth_permission_content_type_id_2f476e4b" ON "auth_permission" ("content_type_id");
CREATE INDEX "restaurant_registration_province_id_f101d601" ON "restaurant_registration" ("province_id");
CREATE INDEX "restaurant_category_id_a3ee918a" ON "restaurant" ("category_id");
CREATE INDEX "restaurant_manager_id_cbdb2798" ON "restaurant" ("manager_id");
CREATE INDEX "restaurant_province_id_30de7129" ON "restaurant" ("province_id");
CREATE INDEX "review_customer_id_89e2e8fc" ON "review" ("customer_id");
CREATE INDEX "review_order_id_50386286" ON "review" ("order_id");
CREATE INDEX "review_restaurant_id_0e2c81aa" ON "review" ("restaurant_id");
CREATE UNIQUE INDEX "order_item_extras_orderitem_id_extras_id_1afa2639_uniq" ON "order_item_extras" ("orderitem_id", "extras_id");
CREATE INDEX "order_item_extras_orderitem_id_d2368898" ON "order_item_extras" ("orderitem_id");
CREATE INDEX "order_item_extras_extras_id_71209e17" ON "order_item_extras" ("extras_id");
CREATE INDEX "order_item_menu_id_69cd014f" ON "order_item" ("menu_id");
CREATE INDEX "order_item_order_id_0ca9e92e" ON "order_item" ("order_id");
CREATE INDEX "order_item_portion_id_1a01b6c9" ON "order_item" ("portion_id");
CREATE INDEX "order_item_shipping_id_7d3ebb28" ON "order_item" ("shipping_id");
CREATE INDEX "order_customer_id_9da9253f" ON "order" ("customer_id");
CREATE INDEX "order_shipping_address_id_fcffab25" ON "order" ("shipping_address_id");
CREATE UNIQUE INDEX "menu_extras_menu_id_extras_id_4c721379_uniq" ON "menu_extras" ("menu_id", "extras_id");
CREATE INDEX "menu_extras_menu_id_bcfc4ca0" ON "menu_extras" ("menu_id");
CREATE INDEX "menu_extras_extras_id_02d6fa32" ON "menu_extras" ("extras_id");
CREATE UNIQUE INDEX "menu_portions_menu_id_portion_id_142ac71e_uniq" ON "menu_portions" ("menu_id", "portion_id");
CREATE INDEX "menu_portions_menu_id_299e3855" ON "menu_portions" ("menu_id");
CREATE INDEX "menu_portions_portion_id_a96a623d" ON "menu_portions" ("portion_id");
CREATE INDEX "menu_category_id_af54b4ec" ON "menu" ("category_id");
CREATE INDEX "menu_restaurant_id_9a51241e" ON "menu" ("restaurant_id");
CREATE UNIQUE INDEX "extra_category_extras_extracategory_id_extras_id_4b89ffe4_uniq" ON "extra_category_extras" ("extracategory_id", "extras_id");
CREATE INDEX "extra_category_extras_extracategory_id_5f20a7c7" ON "extra_category_extras" ("extracategory_id");
CREATE INDEX "extra_category_extras_extras_id_1747b1ee" ON "extra_category_extras" ("extras_id");
CREATE UNIQUE INDEX "cart_extras_cart_id_extras_id_fff1d1b9_uniq" ON "cart_extras" ("cart_id", "extras_id");
CREATE INDEX "cart_extras_cart_id_495bc75f" ON "cart_extras" ("cart_id");
CREATE INDEX "cart_extras_extras_id_d0ac7530" ON "cart_extras" ("extras_id");
CREATE INDEX "cart_customer_id_29e92815" ON "cart" ("customer_id");
CREATE INDEX "cart_menu_id_db1627ce" ON "cart" ("menu_id");
CREATE INDEX "cart_portion_id_b9b7d04b" ON "cart" ("portion_id");
CREATE INDEX "adress_customer_id_a3c45f71" ON "adress" ("customer_id");
CREATE INDEX "adress_province_id_687faf01" ON "adress" ("province_id");
CREATE UNIQUE INDEX "customer_address_customer_id_adress_id_5e5ceede_uniq" ON "customer_address" ("customer_id", "adress_id");
CREATE INDEX "customer_address_customer_id_0bcda8c7" ON "customer_address" ("customer_id");
CREATE INDEX "customer_address_adress_id_ddc89fec" ON "customer_address" ("adress_id");
CREATE UNIQUE INDEX "customer_groups_customer_id_group_id_95d0ab85_uniq" ON "customer_groups" ("customer_id", "group_id");
CREATE INDEX "customer_groups_customer_id_db50a81a" ON "customer_groups" ("customer_id");
CREATE INDEX "customer_groups_group_id_902232a5" ON "customer_groups" ("group_id");
CREATE UNIQUE INDEX "customer_user_permissions_customer_id_permission_id_be5423b4_uniq" ON "customer_user_permissions" ("customer_id", "permission_id");
CREATE INDEX "customer_user_permissions_customer_id_26a7437e" ON "customer_user_permissions" ("customer_id");
CREATE INDEX "customer_user_permissions_permission_id_2c3e834e" ON "customer_user_permissions" ("permission_id");
CREATE INDEX "django_session_expire_date_a5c62663" ON "django_session" ("expire_date");
COMMIT;
